gsim_no,vpu,lat,lon,reported_area_km2,snap_km,hydrobasins_km2,hb_err_pct,tdx_km2,tdx_err_pct,tdx_reaches,seconds,error
FR_0000699,209,47.8248,-2.7033,137.0,1.311,178.583,30.35,146.097,6.64,9,19.9,
DE_0000046,209,51.46,10.66,317.8,1.673,474.03,49.16,317.853,0.02,21,3.6,
FR_0000928,209,48.25,4.11,249.0,1.352,3446.799,1284.26,248.921,-0.03,12,3.8,
FR_0000796,209,47.42,4.29,268.0,1.236,280.851,4.8,282.597,5.45,13,3.6,
DE_0000313,209,47.74,8.84,129.0,1.548,292.613,126.83,167.072,29.51,8,3.7,
FR_0000812,209,47.98,3.27,139.0,1.225,160.26,15.3,151.593,9.06,7,3.7,
BE_0000044,209,50.89,3.69,115.0,0.555,6099.666,5204.06,114.27,-0.63,5,3.5,
FR_0000859,209,50.13,3.76,275.0,1.874,277.46,0.89,260.381,-5.32,14,3.6,
FR_0001191,209,47.75,7.25,204.0,0.713,270.041,32.37,31.252,-84.68,1,3.5,
FR_0001119,209,48.98,7.01,407.0,0.389,434.615,6.78,126.465,-68.93,7,3.8,
DE_0000614,209,48.63,9.82,259.67,0.467,386.294,48.76,105.631,-59.32,7,3.7,
BE_0000005,209,50.04,5.13,301.0,0.672,419.594,39.4,319.19,6.04,18,3.8,
DE_0000578,209,48.5599,9.2668,161.0,0.555,186.552,15.87,166.084,3.16,8,3.7,
FR_0001141,209,48.29,6.37,106.0,0.151,1344.323,1168.23,101.674,-4.08,6,3.6,
DE_0000499,209,48.54,8.73,144.5,1.063,153.109,5.96,158.086,9.4,8,3.6,
FR_0000755,209,45.9122,0.915,288.0,0.564,308.628,7.16,294.048,2.1,16,3.8,
CH_0000053,209,47.0004,8.5988,316.0,1.104,319.118,0.99,1001.188,216.83,50,4.1,
CH_0000062,209,46.6642,7.8715,379.0,0.599,390.947,3.15,380.053,0.28,18,3.7,
FR_0000367,209,46.53,-1.12,180.0,0.866,203.946,13.3,181.569,0.87,11,3.7,
FR_0001168,209,49.39,6.27,110.0,1.321,11130.669,10018.79,108.888,-1.01,6,3.7,
FR_0000368,209,46.6858,-1.1137,305.0,1.95,346.266,13.53,252.565,-17.19,12,3.8,
DE_0000094,209,51.27,14.8,125.0,0.785,162.893,30.31,136.273,9.02,9,3.6,
FR_0000365,209,46.46,-0.66,250.0,0.52,339.791,35.92,254.493,1.8,16,3.8,
BE_0000012,209,49.69,5.53,220.0,0.358,154.191,-29.91,222.504,1.14,9,3.7,
BE_0000027,209,50.09,4.56,254.0,0.555,601.809,136.93,255.436,0.57,19,3.6,
FR_0000674,209,47.99,-0.78,235.0,0.311,255.193,8.59,239.699,2.0,16,3.8,
DE_0000339,209,50.42,7.43,368.6,1.166,139878.113,37848.48,18.132,-95.08,1,4.5,
FR_0001063,209,49.13,0.25,345.0,0.298,342.007,-0.87,339.035,-1.73,19,3.9,
DE_0000579,209,48.67,9.39,178.73,1.776,3295.985,1744.11,192.011,7.43,12,3.7,
DE_0000676,209,48.6957,9.3185,127.11,0.585,124.94,-1.71,41.88,-67.05,1,3.4,
DE_0000375,209,51.7,10.13,211.0,0.889,222.587,5.49,202.758,-3.91,12,3.6,
DE_0000681,209,49.1408,9.8515,259.67,1.24,275.377,6.05,33.194,-87.22,1,3.4,
DE_0000354,209,49.79,6.9,126.0,0.758,25473.943,20117.41,122.872,-2.48,8,3.8,
FR_0000996,209,49.44,1.38,371.0,0.702,422.745,13.95,107.795,-70.94,6,3.6,
FR_0001048,209,48.9,-0.08,287.0,0.893,416.046,44.96,281.711,-1.84,18,3.7,
FR_0001027,209,48.4482,1.2907,330.0,0.819,431.481,30.75,27.878,-91.55,1,3.6,
FR_0000578,209,45.98,4.33,114.0,0.609,162.592,42.62,39.687,-65.19,3,3.4,
NL_0000007,209,51.38,5.57,205.14,1.007,258.353,25.94,31.674,-84.56,2,3.5,
DE_0000460,209,50.79,7.32,215.0,1.28,1923.269,794.54,217.005,0.93,16,3.6,
DE_0000677,209,48.5865,8.604,134.4,1.122,219.615,63.4,147.191,9.52,7,3.5,
DE_0000575,209,48.38,8.58,202.0,0.963,243.249,20.42,233.308,15.5,13,3.8,
FR_0001180,209,47.63,7.24,233.0,0.452,321.65,38.05,241.911,3.82,12,3.6,
DE_0000589,209,48.94,9.06,194.0,0.489,2036.307,949.64,194.442,0.23,12,3.7,
DE_0000314,209,47.66,9.5,261.0,0.595,153.121,-41.33,122.709,-52.99,4,3.5,
DE_0000818,209,50.619,11.4322,362.7,0.534,2143.162,490.89,2039.469,462.3,130,4.8,
ES_0000205,208,42.85028,-4.388056,443.0,1.325,584.247,31.88,473.336,6.85,30,9.1,
ES_0000745,208,38.04194,-4.4275,407.0,0.825,409.386,0.59,98.601,-75.77,2,2.6,
ES_0000110,208,42.34139,-8.555278,175.0,0.519,171.75,-1.86,140.329,-19.81,6,2.6,
FR_0000409,208,45.0109,3.1277,310.0,0.476,323.837,4.46,57.356,-81.5,4,2.5,
FR_0000471,208,45.34,2.77,187.0,0.481,202.198,8.13,46.928,-74.9,2,2.4,
PT_0000019,208,38.17,-8.13,431.0,1.416,507.626,17.78,445.597,3.39,25,3.0,
FR_0000462,208,44.91,1.47,120.0,0.183,8354.667,6862.22,111.241,-7.3,5,2.6,
ES_0000603,208,38.96472,-6.520278,427.0,0.368,414.582,-2.91,17.721,-95.85,1,2.4,
FR_0000348,208,46.14,0.24,492.0,0.681,606.316,23.24,67.322,-86.32,4,2.5,
PT_0000023,208,37.17,-8.33,114.0,1.424,203.963,78.92,32.45,-71.54,1,2.4,
ES_0000085,208,43.28806,-8.330556,277.0,1.309,380.286,37.29,286.821,3.55,13,2.8,
ES_0000087,208,43.22889,-8.885278,438.0,1.211,513.138,17.15,492.081,12.35,27,2.9,
ES_0000289,208,42.21694,-5.095278,283.0,0.027,406.982,43.81,282.518,-0.17,10,2.9,
ES_0000262,208,42.99,-5.258333,154.0,0.633,268.549,74.38,48.889,-68.25,2,2.6,
ES_0000490,208,39.57417,-6.991667,208.0,0.455,215.413,3.56,205.904,-1.01,11,2.8,
ES_0000667,208,37.85222,-2.653611,259.0,0.778,267.5,3.28,161.148,-37.78,7,2.6,
ES_0000252,208,42.89917,-5.398889,154.0,1.288,296.296,92.4,166.901,8.38,7,2.6,
ES_0000435,208,40.26361,-2.546111,253.0,1.952,283.505,12.06,248.663,-1.71,11,2.7,
ES_0000484,208,39.33556,-6.486389,252.0,0.222,376.729,49.5,313.881,24.56,18,3.2,
FR_0000358,208,45.87,0.25,203.0,1.027,210.731,3.81,205.68,1.32,11,2.8,
ES_0000557,208,39.10333,-3.921111,412.0,0.319,677.297,64.39,26.252,-93.63,1,2.5,
ES_0000474,208,39.89222,-3.890833,256.0,1.746,24105.12,9316.06,268.011,4.69,14,2.9,
ES_0000481,208,40.30389,-6.263056,188.0,1.162,278.401,48.09,23.455,-87.52,1,2.4,
FR_0000450,208,44.47,3.47,116.0,1.698,111.361,-4.0,119.502,3.02,6,2.5,
ES_0000464,208,39.91972,-4.580556,423.0,0.815,29056.482,6769.14,406.843,-3.82,20,3.0,
FR_0000425,208,44.52,3.5,261.0,0.865,308.007,18.01,31.041,-88.11,1,2.5,
ES_0000224,208,42.81083,-4.849167,392.0,1.94,421.48,7.52,72.712,-81.45,1,2.5,
ES_0000418,208,40.12639,-6.578333,329.0,1.117,387.732,17.85,327.031,-0.6,12,2.7,
FR_0001281,208,44.0702,2.8024,134.0,0.698,2690.9,1908.13,2602.622,1842.26,136,4.3,
ES_0000243,208,41.11444,-4.123056,172.0,0.522,218.779,27.2,198.832,15.6,8,2.6,
ES_0000583,208,39.17611,-3.878333,312.0,0.082,332.232,6.48,106.287,-65.93,6,2.5,
ES_0000423,208,40.98167,-3.656111,385.0,1.156,495.264,28.64,411.172,6.8,22,2.7,
ES_0000241,208,40.77444,-4.241111,173.0,1.385,298.004,72.26,65.44,-62.17,4,2.4,
ES_0000675,208,37.7475,-3.358333,136.0,1.219,324.218,138.4,148.688,9.33,9,2.5,
ES_0000502,208,40.55667,-2.655556,117.0,0.149,111.057,-5.08,83.3,-28.8,2,2.5,
ES_0000345,208,42.04056,-5.871389,243.0,0.474,270.251,11.21,15.035,-93.81,1,2.4,
ES_0000081,208,43.39417,-8.002222,400.0,1.043,479.901,19.98,386.111,-3.47,18,2.8,
ES_0000080,208,43.45611,-7.833056,191.0,1.91,169.518,-11.25,169.099,-11.47,5,2.7,
ES_0000325,208,42.05583,-6.631389,410.0,0.172,591.482,44.26,122.664,-70.08,7,2.6,
FR_0000345,208,45.73,0.69,140.0,0.927,205.997,47.14,148.078,5.77,4,2.6,
FR_0001265,208,45.296,2.3872,117.0,0.245,434.156,271.07,115.93,-0.91,2,2.7,
ES_0000086,208,43.21139,-8.691111,118.0,0.365,126.329,7.06,131.841,11.73,4,2.7,
ES_0000186,208,41.9125,-2.756667,126.0,0.581,114.58,-9.06,104.289,-17.23,7,2.6,
PT_0000012,208,37.83,-7.62,252.0,0.533,254.522,1.0,74.254,-70.53,4,2.5,
ES_0000623,208,39.45583,-4.976389,163.0,1.082,165.76,1.69,97.2,-40.37,4,2.5,
US_0008571,704,43.85028,-110.5178,437.708,0.444,412.888,-5.67,421.12,-3.79,22,26.8,
CA_0005105,704,51.33222,-116.5497,233.0,0.306,244.278,4.84,233.992,0.43,11,4.1,
CA_0004729,704,50.425,-121.3694,119.0,1.087,55295.279,46366.62,149.668,25.77,7,4.4,
US_0008528,704,47.73679,-120.3687,239.3149,0.457,1073.256,348.47,230.781,-3.57,13,4.3,
CA_0005808,704,50.22639,-119.2556,207.0,0.671,213.028,2.91,204.949,-0.99,15,4.1,
CA_0004230,704,49.66389,-125.0931,453.0,0.768,585.902,29.34,472.309,4.26,23,4.3,
CA_0004429,704,53.04972,-121.9581,204.0,1.455,260.467,27.68,195.953,-3.94,11,4.1,
CA_0005288,704,50.34333,-117.5181,113.0,0.5,221.72,96.21,117.803,4.25,7,4.0,
CA_0005098,704,50.87722,-116.3783,381.0,1.559,4452.331,1068.59,185.644,-51.27,6,4.1,
CA_0004402,704,53.30925,-120.249,409.0,1.374,7572.714,1751.52,405.61,-0.83,21,4.2,
CA_0004096,704,49.44028,-122.9653,148.0,1.701,186.083,25.73,119.701,-19.12,5,4.0,
CA_0004321,704,50.09042,-125.6782,268.0,1.972,436.717,62.95,44.298,-83.47,1,3.9,
CA_0005350,704,49.62,-115.6189,201.0,1.012,11903.741,5822.26,11446.12,5594.59,665,9.4,
CA_0005650,704,49.50417,-120.6772,264.0,0.127,1802.296,582.69,267.406,1.29,15,4.3,
CA_0004234,704,49.70586,-125.0115,251.0,0.215,246.888,-1.64,263.029,4.79,15,4.3,
CA_0004400,704,54.61081,-124.2478,431.0,1.267,356.404,-17.31,430.632,-0.09,28,4.5,
CA_0004242,704,49.36944,-124.9828,387.0,0.811,355.558,-8.12,12.041,-96.89,1,3.9,
US_0008592,704,44.18528,-111.0078,225.07,0.716,207.756,-7.69,224.939,-0.06,12,4.1,
CA_0005699,704,49.26222,-119.4742,255.0,1.009,300.486,17.84,34.082,-86.63,2,3.9,
CA_0004909,704,51.43333,-122.0722,267.0,0.41,691.153,158.86,609.366,128.23,42,4.5,
CA_0005311,704,49.6375,-115.9606,233.0,0.788,2114.999,807.72,145.167,-37.7,9,4.2,
CA_0005142,704,51.43694,-116.3744,119.0,0.011,127.871,7.45,22.363,-81.21,1,3.9,
CA_0004771,704,51.03611,-121.4408,479.0,0.13,3864.126,706.71,478.484,-0.11,23,4.4,
CA_0004772,704,50.71694,-120.6347,190.0,1.574,39247.944,20556.81,34.52,-81.83,1,4.3,
CA_0004769,704,50.5575,-121.1578,103.0,0.605,213.251,107.04,104.946,1.89,7,4.0,
CA_0005843,704,49.05556,-118.9994,280.0,0.342,4702.44,1579.44,311.406,11.22,21,4.3,
CA_0004818,704,50.25611,-120.4533,181.0,1.506,626.048,245.88,23.607,-86.96,1,3.9,
CA_0004324,704,49.85723,-125.8127,132.0,0.458,167.509,26.9,127.915,-3.09,6,4.0,
CA_0005782,704,50.13194,-119.5133,185.0,0.279,2157.536,1066.24,187.991,1.62,10,4.1,
CA_0004468,704,52.37306,-121.3136,422.0,0.511,441.215,4.55,37.246,-91.17,2,4.0,
CA_0004416,704,54.29678,-120.9774,103.0,0.228,131.922,28.08,108.712,5.55,5,4.0,
CA_0004298,704,49.70843,-126.0986,187.0,0.335,195.262,4.42,188.538,0.82,10,4.2,
US_0008723,704,44.2225,-114.9311,380.7283,0.357,386.736,1.58,360.68,-5.27,16,4.3,
CA_0004656,704,50.57361,-120.1833,122.0,0.912,475.679,289.9,136.999,12.29,7,4.1,
CA_0004721,704,50.8839,-120.9659,479.0,0.514,1477.09,208.37,484.355,1.12,23,4.4,
CA_0004103,704,49.44028,-122.9653,148.0,1.701,186.083,25.73,119.701,-19.12,5,4.0,
CA_0005749,704,50.36389,-119.2819,207.0,0.284,399.416,92.95,12.925,-93.76,1,4.0,
CA_0004979,704,49.31306,-121.6256,114.0,0.546,217393.553,190596.1,18.951,-83.38,1,5.3,
CA_0005803,704,50.21222,-119.5386,114.0,0.459,213.317,87.12,108.276,-5.02,3,4.0,
CA_0004387,704,54.03,-124.0153,125.0,0.486,25386.247,20209.0,117.383,-6.09,6,4.2,
CA_0004186,704,48.49722,-123.7278,104.0,1.191,201.884,94.12,100.323,-3.54,5,4.1,
CA_0005851,704,49.70292,-119.0925,233.0,1.253,308.88,32.57,69.281,-70.27,3,3.9,
CA_0004685,704,50.78889,-119.3311,125.0,1.036,139.077,11.26,137.957,10.37,4,4.2,
CA_0004397,704,55.97614,-126.6777,403.0,0.906,467.369,15.97,568.68,41.11,34,4.4,
CA_0004538,704,51.19444,-120.1639,110.0,1.541,17614.384,15913.08,17522.664,15829.69,1002,12.1,
CA_0002555,706,53.23379,-114.0508,199.6,0.727,343.386,72.04,196.002,-1.8,3,17.3,
CA_0002327,706,50.7,-115.1333,367.0,1.07,500.378,36.34,67.36,-81.65,4,5.8,
CA_0003360,706,50.25111,-95.88611,122.0,1.797,218.896,79.42,67.525,-44.65,4,5.8,
CA_0002619,706,52.86944,-113.8964,377.0,0.124,388.534,3.06,22.662,-93.99,1,5.6,
CA_0002313,706,50.62222,-115.125,151.0,1.923,194.398,28.74,27.208,-81.98,1,5.7,
CA_0003458,706,54.44972,-110.9369,449.0,0.761,455.423,1.43,57.617,-87.17,4,5.7,
CA_0003285,706,49.88681,-97.76725,189.0,0.363,262.268,38.77,241.899,27.99,8,5.9,
CA_0002575,706,54.12306,-112.7828,313.2,0.159,39491.661,12509.09,345.905,10.44,17,6.6,
CA_0003158,706,49.347,-102.2558,175.0,0.624,477.925,173.1,444.228,153.84,22,6.4,
CA_0002566,706,53.40861,-112.8272,295.0,0.26,615.897,108.78,432.443,46.59,18,6.3,
CA_0002167,706,49.40694,-113.6806,134.0,1.575,185.979,38.79,155.058,15.72,3,5.9,
CA_0002430,706,51.51147,-114.671,451.3,0.124,562.831,24.71,462.947,2.58,15,6.0,
CA_0002215,706,49.2625,-110.8528,130.0,1.004,381.957,193.81,46.028,-64.59,4,5.7,
CA_0002539,706,52.86778,-116.5953,495.0,1.395,493.62,-0.28,489.492,-1.11,20,6.1,
US_0003828,706,48.86527,-98.00593,445.478,1.928,490.592,10.13,463.655,4.08,15,6.2,
CA_0002463,706,51.85833,-113.425,458.0,0.416,631.4,37.86,462.603,1.01,21,6.2,
CA_0002041,706,49.46951,-114.1342,179.0,1.727,190.181,6.25,63.681,-64.42,2,5.7,
CA_0002344,706,51.02278,-114.6164,240.0,0.105,370.582,54.41,61.076,-74.55,3,5.7,
CA_0002876,706,52.84139,-104.5406,417.0,0.123,511.468,22.65,476.366,14.24,21,6.2,
CA_0002249,706,49.86944,-110.0194,247.0,0.586,276.672,12.01,287.779,16.51,10,6.0,
CA_0002283,706,51.44167,-116.2106,348.0,0.053,427.484,22.84,62.076,-82.16,1,5.8,
CA_0003003,706,50.18167,-99.39861,470.0,0.073,197.643,-57.95,441.835,-5.99,20,6.5,
CA_0002648,706,52.755,-108.7811,403.0,0.695,409.374,1.58,158.399,-60.69,2,5.9,
CA_0003251,706,49.53056,-97.14167,409.0,1.94,453.667,10.92,1823.95,345.95,92,7.4,
CA_0002971,706,51.52222,-100.3694,266.0,1.835,177.196,-33.39,79.553,-70.09,1,5.8,
US_0003774,706,47.70278,-99.94901,398.8582,1.588,1239.661,210.8,132.051,-66.89,1,5.9,
CA_0002948,706,51.96889,-101.9139,180.0,1.457,269.276,49.6,158.243,-12.09,4,5.9,
CA_0002157,706,48.99722,-113.6806,192.0,0.386,278.073,44.83,197.869,3.06,8,5.8,
CA_0002260,706,49.83333,-110.85,224.0,0.819,273.696,22.19,242.474,8.25,8,5.9,
CA_0002974,706,51.41386,-100.3535,135.0,0.213,282.356,109.15,122.364,-9.36,3,5.9,
CA_0003206,706,49.12444,-98.94111,136.0,0.739,240.737,77.01,44.529,-67.26,2,5.6,
CA_0002630,706,52.51738,-112.356,281.3,0.802,330.115,17.35,285.801,1.6,12,6.1,
CA_0002292,706,51.09861,-115.6653,109.0,0.337,236.278,116.77,36.264,-66.73,1,5.8,
CA_0003253,706,49.50239,-97.15594,403.0,1.828,453.667,12.57,55.202,-86.3,2,5.8,
CA_0002135,706,49.0996,-113.6977,319.2,0.297,407.339,27.61,315.576,-1.14,15,5.9,
CA_0002441,706,52.26849,-113.7999,486.6,1.07,12170.195,2401.07,159.175,-67.29,4,5.9,
CA_0002263,706,49.5805,-110.9437,438.8,0.347,456.174,3.96,434.653,-0.95,17,6.0,
CA_0002297,706,50.88333,-115.3667,487.0,0.386,581.345,19.37,138.504,-71.56,4,5.8,
CA_0002946,706,52.17222,-100.9417,299.0,1.645,5975.308,1898.43,44.6,-85.08,2,5.8,
CA_0002365,706,50.43012,-114.167,236.0,0.658,245.332,3.95,229.795,-2.63,8,5.8,
CA_0003049,706,52.02278,-102.625,229.0,1.198,335.923,46.69,229.938,0.41,11,5.9,
CA_0002220,706,49.53077,-112.5106,411.2,0.449,768.558,86.91,620.348,50.86,34,6.2,
CA_0003323,706,48.62083,-93.625,150.0,1.385,287.015,91.34,205.008,36.67,1,6.0,
CA_0002568,706,53.44167,-112.9389,196.0,1.702,465.082,137.29,31.421,-83.97,1,6.0,
CA_0002303,706,51.2875,-115.5333,454.0,0.09,483.424,6.48,458.936,1.09,20,6.1,
CA_0000933,709,44.28528,-77.32361,205.0,0.557,203.77,-0.6,215.108,4.93,13,61.3,
US_0003660,709,43.10056,-77.88222,336.6985,0.007,402.68,19.6,354.644,5.33,18,9.9,
CA_0000816,709,43.62667,-79.56417,166.0,0.294,333.072,100.65,178.865,7.75,8,8.8,
CA_0000937,709,44.4825,-77.21944,160.0,0.577,177.512,10.95,627.989,292.49,37,10.2,
CA_0000702,709,42.65333,-80.78056,109.0,0.619,110.191,1.09,123.782,13.56,6,8.9,
CA_0000795,709,43.265,-79.96472,166.0,0.992,378.125,127.79,231.017,39.17,12,9.1,
CA_0000553,709,44.30736,-80.07203,244.14,1.058,480.567,96.84,257.574,5.5,15,9.2,
CA_0001364,709,45.79028,-72.8625,159.0,1.137,4088.527,2471.4,153.761,-3.29,8,9.7,
CA_0001010,709,46.27614,-78.47875,167.43,1.683,54878.053,32676.71,166.007,-0.85,9,9.9,
CA_0000573,709,44.33889,-80.53889,254.0,1.631,318.848,25.53,46.478,-81.7,3,8.9,
CA_0000639,709,43.61167,-80.24861,180.0,0.154,292.213,62.34,207.215,15.12,7,9.2,
CA_0000696,709,42.85731,-80.72358,354.1,0.254,390.732,10.35,353.46,-0.18,20,9.1,
CA_0000593,709,44.19167,-80.85722,381.0,1.532,371.067,-2.61,360.402,-5.41,24,9.5,
CA_0000823,709,43.79008,-79.58442,190.91,0.49,196.65,3.01,197.462,3.43,12,9.5,
CA_0000617,709,43.57925,-81.40131,177.62,1.571,308.528,73.7,187.402,5.51,11,9.3,
CA_0000590,709,44.11339,-81.01925,156.44,0.274,178.791,14.29,52.946,-66.16,1,8.9,
CA_0001331,709,45.87667,-72.51111,285.0,1.931,9891.904,3370.84,221.425,-22.31,11,9.3,
CA_0001403,709,46.85556,-71.62139,221.0,0.998,2399.558,985.77,235.202,6.43,13,9.4,
CA_0000466,709,46.71194,-79.73694,298.0,1.554,426.789,43.22,296.11,-0.63,15,9.7,
CA_0000539,709,44.26778,-79.195,332.0,0.449,479.859,44.54,161.017,-51.5,7,9.8,
CA_0000692,709,42.83772,-80.50989,369.83,1.15,575.673,55.66,32.378,-91.25,2,9.9,
CA_0000439,709,46.61017,-81.03297,179.0,1.215,195.018,8.95,198.356,10.81,11,10.4,
CA_0000825,709,43.78528,-79.59028,495.0,0.311,583.205,17.82,197.462,-60.11,12,9.9,
CA_0000901,709,44.64167,-78.13528,241.0,0.113,243.158,0.9,285.325,18.39,11,10.1,
CA_0001475,709,46.25667,-70.8125,118.0,1.003,5198.481,4305.49,119.513,1.28,5,9.5,
CA_0001406,709,46.72775,-71.84105,331.0,0.036,352.324,6.44,327.14,-1.17,16,14.0,
CA_0001061,709,44.99425,-75.66228,411.12,0.553,4653.111,1031.81,359.595,-12.53,19,11.1,
CA_0000701,709,42.75639,-80.80722,104.0,0.365,130.717,25.69,131.078,26.04,4,10.8,
CA_0001109,709,45.9625,-74.24722,104.0,0.142,129.482,24.5,100.685,-3.19,5,10.7,
CA_0000995,709,47.0825,-79.73139,368.0,1.116,442.395,20.22,93.494,-74.59,5,10.3,
CA_0000568,709,44.11058,-79.89028,327.6,0.491,343.506,4.86,92.784,-71.68,6,10.4,
CA_0000581,709,44.57017,-80.6485,298.02,0.34,311.227,4.43,27.832,-90.66,1,9.6,
CA_0001336,709,45.28444,-72.51028,201.0,1.972,323.583,60.99,82.405,-59.0,3,9.9,
CA_0000354,709,48.29211,-89.80986,225.81,0.049,303.821,34.55,210.23,-6.9,10,15.2,
CA_0001484,709,46.54056,-72.09344,385.0,0.486,1042380.367,270648.15,379.296,-1.48,22,26.7,
CA_0000941,709,44.47192,-76.76236,180.87,1.195,169.232,-6.43,240.301,32.86,13,14.9,
US_0003638,709,42.82972,-78.775,349.6484,1.198,395.259,13.04,347.357,-0.66,15,10.0,
CA_0000930,709,44.5396,-77.36965,428.66,0.067,406.014,-5.28,419.093,-2.23,26,9.7,
US_0003666,709,43.32528,-76.64722,114.9955,1.799,194.955,69.53,80.831,-29.71,2,10.6,
CA_0001107,709,46.07778,-74.28194,141.0,0.605,413.658,193.37,156.875,11.26,9,10.0,
CA_0000550,709,44.69389,-79.88278,168.0,1.347,251.576,49.75,20.82,-87.61,1,9.5,
CA_0001356,709,45.77417,-72.99111,159.0,0.811,167.182,5.15,19.739,-87.59,1,9.5,
CA_0001239,709,45.76083,-73.63083,258.0,0.958,385.908,49.58,296.8,15.04,16,10.3,
CA_0001273,709,46.44,-73.46167,186.0,1.904,232.178,24.83,205.497,10.48,14,11.8,
CA_0000497,709,45.54944,-80.28472,235.0,1.583,354.936,51.04,228.466,-2.78,14,15.6,
US_0004199,714,42.48919,-87.92647,318.5685,0.305,435.139,36.59,20.594,-93.54,1,64.3,
US_0005093,714,40.08918,-98.76091,492.0977,0.724,56055.808,11291.19,745.593,51.51,46,19.3,
US_0002688,714,39.20197,-84.47128,297.8486,1.146,435.559,46.23,12.514,-95.8,1,15.0,
US_0002686,714,39.22061,-84.44689,189.0691,1.418,308.206,63.01,91.312,-51.7,5,22.2,
US_0005859,714,35.50727,-99.55788,105.9305,0.534,141.334,33.42,26.518,-74.97,1,22.1,
US_0004788,714,43.79464,-97.36901,203.8321,0.744,216.743,6.33,202.117,-0.84,11,25.2,
US_0005238,714,38.6564,-94.89635,370.3683,0.925,386.512,4.36,17.027,-95.4,1,23.9,
US_0004258,714,41.93278,-88.34083,133.9024,1.99,4046.459,2921.95,120.496,-10.01,7,21.5,
US_0002633,714,40.18228,-82.96157,315.9785,0.172,342.724,8.46,332.235,5.14,21,17.8,
US_0005655,714,36.54889,-94.68361,126.1324,0.38,165.635,31.32,14.844,-88.23,1,15.3,
CA_0002799,714,49.93083,-107.3472,250.0,0.148,279.697,11.88,249.314,-0.27,15,14.5,
US_0005732,714,35.64728,-97.36004,271.9488,0.843,275.531,1.32,38.866,-85.71,2,15.1,
US_0004663,714,43.87165,-103.3363,151.5143,0.424,278.161,83.59,171.037,12.89,8,16.3,
US_0005792,714,33.86611,-89.17306,223.516,0.24,325.237,45.51,210.271,-5.93,12,16.8,
US_0005786,714,34.63194,-89.92444,313.3886,0.119,322.765,2.99,316.859,1.11,19,16.0,
CA_0006322,714,49.10333,-106.02,308.0,0.075,315.415,2.41,307.708,-0.09,19,17.8,
US_0002558,714,38.29539,-80.52647,208.235,1.083,249.103,19.63,14.973,-92.81,1,15.5,
US_0002426,714,40.93284,-81.09454,231.0269,1.118,350.46,51.7,253.631,9.78,15,18.0,
US_0005685,714,36.53213,-105.2281,432.528,0.565,659.935,52.58,509.9,17.89,29,16.5,
US_0005884,714,34.49537,-96.98863,114.2185,0.333,225.031,97.02,122.471,7.22,8,15.6,
CA_0002796,714,49.905,-107.3711,313.0,1.918,326.145,4.2,324.822,3.78,23,16.1,
US_0002446,714,41.44283,-80.58813,250.4519,0.667,323.688,29.24,88.257,-64.76,6,15.6,
US_0002474,714,40.47034,-81.19649,125.0964,0.414,127.28,1.75,55.965,-55.26,2,15.2,
US_0003059,714,35.92082,-86.8655,455.8379,0.437,564.847,23.91,498.154,9.28,34,15.5,
CA_0006218,714,49.60111,-109.9225,205.0,0.122,323.357,57.73,205.399,0.19,13,16.5,
CA_0002791,714,49.43778,-106.8358,259.0,0.703,287.473,10.99,14.514,-94.4,1,15.8,
US_0003035,714,36.39739,-85.17445,209.789,0.06,398.331,89.87,298.25,42.17,18,16.1,
US_0002711,714,39.76673,-84.23661,177.9322,1.644,6860.528,3755.7,176.6,-0.75,8,15.9,
US_0002624,714,40.58284,-82.9888,406.6281,0.236,517.83,27.35,47.783,-88.25,4,16.8,
CA_0006320,714,49.23083,-105.5433,143.0,0.271,195.946,37.03,137.254,-4.02,9,18.7,
US_0004661,714,43.71721,-103.368,271.9488,1.764,299.277,10.05,270.02,-0.71,19,17.7,
US_0005640,714,36.90007,-94.86829,115.7725,0.664,131.934,13.96,122.263,5.61,8,24.8,
US_0004552,714,44.84219,-106.8812,227.66,0.838,313.049,37.51,225.191,-1.08,15,25.4,
US_0005659,714,36.34202,-94.58772,266.7688,0.783,423.834,58.88,38.968,-85.39,2,24.7,
CA_0002794,714,49.49603,-106.7549,314.59,1.422,327.865,4.22,971.4,208.78,70,22.0,
US_0004705,714,44.44221,-103.6294,146.3343,0.204,277.629,89.72,147.711,0.94,12,17.8,
US_0002693,714,40.31116,-83.91244,104.6355,1.325,1182.418,1030.03,108.989,4.16,7,18.8,
US_0002484,714,40.35701,-81.23011,184.1482,0.709,292.697,58.95,183.482,-0.36,9,18.6,
CA_0006314,714,48.99167,-106.9278,445.0,0.503,500.471,12.47,121.834,-72.62,10,17.0,
US_0004905,714,39.65203,-105.1732,455.8379,0.608,466.364,2.31,467.407,2.54,30,18.6,
US_0005661,714,36.32258,-94.68522,422.1681,0.467,526.794,24.78,420.333,-0.43,25,20.1,
US_0002646,714,39.2184,-83.38547,362.5983,0.054,368.919,1.74,363.888,0.36,23,26.0,
US_0002315,714,30.66222,-89.68611,453.2479,0.597,593.919,31.04,30.11,-93.36,1,25.3,
US_0002462,714,39.90674,-80.93593,328.9285,1.094,458.532,39.4,345.533,5.05,22,25.8,
US_0002794,714,38.00202,-85.06051,445.478,0.235,584.582,31.23,451.472,1.35,33,20.6,
FR_0000128,201,45.58,4.74,406.0,1.208,426.082,4.95,413.187,1.77,32,15.4,
FR_0000052,201,45.88,5.67,158.0,0.748,131.864,-16.54,165.181,4.55,16,4.2,
FR_0001159,201,47.52,6.84,371.0,1.198,234.256,-36.86,228.548,-38.4,17,4.1,
ES_0001084,201,41.30917,-2.115,465.0,0.969,1615.581,247.44,463.259,-0.37,31,4.2,
FR_0000047,201,47.04,5.48,137.0,0.739,1660.788,1112.25,138.952,1.43,9,4.1,
ES_0001092,201,42.26167,-1.190556,144.0,0.624,154.458,7.26,144.6,0.42,5,4.1,
ES_0001156,201,42.93139,-3.478889,465.0,0.307,452.932,-2.6,452.161,-2.76,32,4.3,
FR_0000682,201,43.76,6.57,148.0,0.722,242.591,63.91,119.126,-19.51,4,4.1,
ES_0001172,201,42.72083,-0.5238889,101.0,0.126,148.323,46.85,101.354,0.35,4,3.9,
ES_0001163,201,41.6425,-1.639167,123.0,1.804,176.469,43.47,130.628,6.2,7,3.8,
ES_0001108,201,42.61472,0.3483333,100.0,1.323,212.372,112.37,106.394,6.39,5,4.0,
ES_0001171,201,42.79861,-1.665556,224.0,0.389,282.108,25.94,47.769,-78.67,2,3.8,
ES_0000902,201,39.81944,-2.343611,187.0,0.803,198.805,6.31,96.951,-48.15,4,4.1,
ES_0001076,201,42.07556,-2.01,326.0,1.34,462.256,41.8,337.227,3.44,23,4.1,
ES_0001109,201,42.54389,0.1963889,453.0,0.411,607.652,34.14,68.076,-84.97,3,3.7,
FR_0001325,201,44.9173,6.675,210.0,0.906,222.62,6.01,206.327,-1.75,13,4.6,
FR_0000283,201,47.64,6.86,141.0,0.32,234.256,66.14,140.18,-0.58,9,5.7,
ES_0001137,201,42.98944,-4.146389,142.0,0.994,276.105,94.44,21.824,-84.63,2,5.5,
ES_0001035,201,42.2425,1.353333,200.0,0.623,2566.67,1183.34,203.736,1.87,10,5.9,
ES_0001011,201,42.69444,-2.047778,309.0,0.088,172.783,-44.08,183.503,-40.61,12,4.2,
IT_0000215,201,46.431,12.223,313.0,0.331,398.977,27.47,309.074,-1.25,20,4.4,
ES_0000897,201,38.71111,-0.7172222,101.0,0.656,233.303,130.99,32.261,-68.06,1,3.7,
ES_0000811,201,38.03611,-1.887222,464.0,0.376,568.108,22.44,455.915,-1.74,28,4.3,
FR_0001320,201,44.2164,6.2751,165.0,0.623,231.108,40.07,162.977,-1.23,10,3.9,
FR_0000086,201,44.6243,5.0147,186.0,0.093,347.058,86.59,191.145,2.77,12,4.8,
ES_0001123,201,42.78472,-3.043333,350.0,1.035,350.597,0.17,45.804,-86.91,2,4.0,
ES_0000990,201,42.195,0.3966667,426.0,0.668,457.643,7.43,421.871,-0.97,30,4.7,
ES_0001169,201,42.86028,-0.9261111,188.0,0.194,185.068,-1.56,29.531,-84.29,1,5.9,
FR_0000036,201,46.0,4.5,161.0,0.199,180.397,12.05,13.361,-91.7,1,4.2,
ES_0001075,201,41.13222,-0.8375,296.0,0.566,307.431,3.86,17.683,-94.03,1,3.8,
ES_0001077,201,41.97611,-1.972222,223.0,1.079,317.612,42.43,274.118,22.92,15,3.9,
ES_0001015,201,42.68194,-2.882778,307.0,0.506,1382.103,350.2,308.072,0.35,19,4.0,
FR_0001334,201,45.9041,6.2061,332.0,0.588,242.123,-27.07,221.858,-33.18,13,3.9,
ES_0001131,201,42.63139,-0.1063889,180.0,0.279,327.358,81.87,176.686,-1.84,8,6.0,
FR_0000089,201,44.6919,5.4903,227.0,0.541,262.877,15.8,242.706,6.92,17,4.7,
ES_0000939,201,39.89528,-0.5441667,327.0,1.555,468.676,43.33,60.69,-81.44,5,4.0,
FR_0000083,201,44.37,4.88,156.0,1.0,378.368,142.54,154.701,-0.83,8,6.1,
IT_0000213,201,45.844,11.368,138.0,0.045,380.96,176.06,137.825,-0.13,7,6.0,
FR_0000208,201,43.88,4.89,177.0,1.743,14354.874,8010.1,130.128,-26.48,10,6.0,
ES_0001068,201,42.45278,0.7563889,225.0,1.424,244.687,8.75,228.497,1.55,13,5.7,
FR_0000171,201,47.57,5.65,383.0,1.18,421.766,10.12,81.408,-78.74,4,6.0,
FR_0000098,201,46.06,5.33,349.0,0.503,367.767,5.38,26.566,-92.39,1,5.5,
ES_0000970,201,42.96389,-4.057222,469.0,1.438,603.491,28.68,26.67,-94.31,1,5.8,
ES_0001155,201,42.215,-2.232222,405.0,1.016,425.067,4.95,13.808,-96.59,1,6.4,
FR_0001319,201,44.0158,6.2529,375.0,0.03,425.799,13.55,380.573,1.49,30,5.7,
BR_0002714,609,-25.3778,-53.2764,395.0,0.066,404.052,2.29,395.09,0.02,25,50.0,
BR_0001863,609,-16.8358,-48.6556,380.0,0.401,453.323,19.3,389.628,2.53,16,19.4,
BR_0002665,609,-25.8767,-51.485,160.0,0.523,196.761,22.98,159.516,-0.3,8,15.0,
BR_0001780,609,-15.6686,-47.6714,200.0,0.562,199.249,-0.38,198.562,-0.72,7,19.0,
BR_0002557,609,-25.4467,-49.1978,114.0,1.837,124.306,9.04,106.092,-6.94,4,19.9,
BR_0002091,609,-20.2333,-48.6667,428.0,0.587,465.938,8.86,436.532,1.99,21,15.3,
BR_0002820,609,-19.2508,-55.0081,409.0,0.224,412.105,0.76,33.182,-91.89,1,17.9,
BR_0002344,609,-23.4972,-49.8867,119.0,0.735,154.481,29.82,118.539,-0.39,7,14.2,
BR_0002409,609,-23.3581,-51.1936,154.0,0.235,204.668,32.9,154.36,0.23,6,13.8,
BR_0002521,609,-24.4161,-53.4928,231.0,1.693,240.346,4.05,225.357,-2.44,8,14.7,
BR_0001953,609,-22.6858,-45.7353,475.0,0.354,630.477,32.73,497.922,4.83,25,15.0,
BR_0002605,609,-26.08,-49.2692,391.0,0.221,101.414,-74.06,98.227,-74.88,4,17.6,
BR_0001789,609,-15.7264,-47.7281,104.0,1.81,138.462,33.14,136.133,30.9,6,14.6,
BR_0002241,609,-21.7875,-48.5611,336.0,1.011,412.565,22.79,332.229,-1.12,18,14.4,
BR_0001860,609,-17.9167,-50.3833,258.0,1.983,11761.507,4458.72,11798.862,4473.2,568,19.8,
BR_0001809,609,-15.8706,-47.8961,134.93,0.262,196.268,45.46,135.431,0.37,5,14.0,
BR_0002254,609,-20.7,-50.7167,105.0,0.611,247.256,135.48,105.097,0.09,3,14.0,
BR_0002145,609,-23.8358,-46.8056,129.0,0.46,240.438,86.39,152.145,17.94,6,16.1,
BR_0002078,609,-20.7367,-48.0528,263.0,1.785,369.789,40.6,278.992,6.08,14,15.3,
BR_0002187,609,-22.6869,-46.6786,387.0,0.366,414.076,7.0,21.286,-94.5,1,16.0,
BR_0002589,609,-25.5478,-49.4097,157.0,0.533,228.017,45.23,170.927,8.87,8,23.4,
BR_0002775,609,-14.7333,-56.3333,369.0,1.924,15865.471,4199.59,383.278,3.87,14,22.6,
BR_0002226,609,-22.1583,-47.9003,219.0,0.1,234.548,7.1,219.04,0.02,11,15.7,
BR_0002595,609,-25.5331,-49.5408,171.0,0.358,239.581,40.11,204.092,19.35,8,20.2,
BR_0002080,609,-20.5872,-48.3572,178.0,1.804,33107.819,18499.9,180.117,1.19,6,14.4,
BR_0002150,609,-23.5094,-46.8892,169.0,0.216,4825.731,2755.46,27.749,-83.58,1,12.9,
BR_0002541,609,-25.0331,-54.4331,402.0,1.345,818815.069,203585.34,155.22,-61.39,8,18.6,
BR_0002186,609,-22.7278,-46.4383,102.0,0.247,139.179,36.45,136.956,34.27,9,12.9,
BR_0002704,609,-26.0817,-53.0739,336.0,0.621,344.628,2.57,107.092,-68.13,5,13.0,
BR_0002636,609,-25.9558,-50.6844,465.0,0.027,594.735,27.9,20.21,-95.65,1,12.7,
BR_0002410,609,-23.4106,-51.1786,153.0,1.247,181.408,18.57,149.206,-2.48,4,13.0,
BR_0001938,609,-22.6881,-45.4789,109.0,0.346,145.16,33.17,118.9,9.08,6,13.1,
BR_0002685,609,-25.4419,-52.8942,112.0,0.126,211.772,89.08,19.016,-83.02,1,12.8,
BR_0002363,609,-24.96,-49.9417,118.0,0.491,179.868,52.43,117.845,-0.13,6,12.8,
BR_0001944,609,-22.4694,-45.3611,174.0,0.213,232.854,33.82,55.304,-68.22,1,12.9,
BR_0002336,609,-22.6333,-50.2,427.0,0.066,635.344,48.79,239.225,-43.98,16,13.1,
BR_0002252,609,-21.2333,-50.4333,459.0,0.912,480.766,4.74,458.77,-0.05,29,13.3,
BR_0001734,609,-18.7808,-47.4089,131.0,0.612,233.528,78.27,103.846,-20.73,3,13.9,
BR_0001898,609,-21.9983,-44.4639,104.0,0.116,147.973,42.28,14.771,-85.8,1,13.5,
BR_0001807,609,-15.8497,-47.9328,211.54,0.347,276.953,30.92,36.034,-82.97,1,13.1,
BR_0001980,609,-22.1667,-45.3,171.0,1.817,335.981,96.48,75.011,-56.13,3,13.0,
BR_0002383,609,-24.0103,-50.7003,203.0,0.168,16555.706,8055.52,362.143,78.4,21,13.5,
BR_0001746,609,-19.0833,-46.7833,232.0,0.732,359.02,54.75,40.992,-82.33,1,13.6,
BR_0001947,609,-22.3706,-45.2158,268.0,1.552,260.956,-2.63,270.637,0.98,12,13.3,
BR_0001955,609,-22.5667,-45.8833,244.0,1.118,260.611,6.81,27.82,-88.6,1,13.1,
